n_title,id,image
Star Trek Beyond,tt2660888,https://imdb-api.com/images/original/MV5BODgzMTZmMGMtNTM4Ni00ZjIxLWIyYmUtZjcxMDEwMjkxMzQyXkEyXkFqcGdeQXVyMjMwNDgzNjc@._V1_Ratio0.7273_AL_.jpg
Star Trek Into Darkness,tt1408101,https://imdb-api.com/images/original/MV5BMTk2NzczOTgxNF5BMl5BanBnXkFtZTcwODQ5ODczOQ@@._V1_Ratio0.7273_AL_.jpg
Star Trek,tt0796366,https://imdb-api.com/images/original/MV5BMjE5NDQ5OTE4Ml5BMl5BanBnXkFtZTcwOTE3NDIzMw@@._V1_Ratio0.7273_AL_.jpg
Star Trek: Insurrection,tt0120844,https://imdb-api.com/images/original/MV5BNWEzZDI0NjEtY2FkMC00ZjQwLWI2YzgtZDEyMzMwZmRlZDlhXkEyXkFqcGdeQXVyMTQxNzMzNDI@._V1_Ratio0.7273_AL_.jpg
Star Trek V: The Final Frontier,tt0098382,https://imdb-api.com/images/original/MV5BZTE2NTE0YmYtNTE3YS00NzFmLWJmMDMtZWQ5Njg5NDBmNTFiXkEyXkFqcGdeQXVyMTQxNzMzNDI@._V1_Ratio0.7273_AL_.jpg
Star Trek VI: The Undiscovered Country,tt0102975,https://imdb-api.com/images/original/MV5BYTM1ZDc0MDEtYjhhMC00ZWFmLThlMTYtOTI2MTdkZDVhODQwXkEyXkFqcGdeQXVyMTQxNzMzNDI@._V1_Ratio0.7273_AL_.jpg
Star Trek III: The Search for Spock,tt0088170,https://imdb-api.com/images/original/MV5BMTliZGVjZmMtNzEzMy00MzVhLWFhYjYtNDhlYmViNGNiMGFlXkEyXkFqcGdeQXVyMTQxNzMzNDI@._V1_Ratio0.7273_AL_.jpg
Star Trek II: The Wrath of Khan,tt0084726,https://imdb-api.com/images/original/MV5BMzcyYWE5YmQtNDE1Yi00ZjlmLWFlZTAtMzRjODBiYjM3OTA3XkEyXkFqcGdeQXVyMTQxNzMzNDI@._V1_Ratio0.7273_AL_.jpg
Star Trek: Nemesis,tt0253754,https://imdb-api.com/images/original/MV5BMjAxNjY2NDY3NF5BMl5BanBnXkFtZTcwMjA0MTEzMw@@._V1_Ratio0.7273_AL_.jpg
Star Trek IV: The Voyage Home,tt0092007,https://imdb-api.com/images/original/MV5BYWM4MWEwNWYtZjNhYS00ZWVhLWE2ZjAtMDAyMGRkMDk2NDBlXkEyXkFqcGdeQXVyMjA0MDQ0Mjc@._V1_Ratio0.7273_AL_.jpg
Star Trek: First Contact,tt0117731,https://imdb-api.com/images/original/MV5BYTllZjRkY2QtYTJlMy00ZTMxLWE0YWQtMWMwYzY2YTM3YzRjXkEyXkFqcGdeQXVyNTAyODkwOQ@@._V1_Ratio0.7273_AL_.jpg
Star Trek: The Motion Picture,tt0079945,https://imdb-api.com/images/original/MV5BNzNlMzNlNmQtNmYzNS00YmU5LWIzYWQtMDRkYzIzNzEzOTIyXkEyXkFqcGdeQXVyMTQxNzMzNDI@._V1_Ratio0.7273_AL_.jpg
Star Wars: Episode VI - Return of the Jedi,tt0086190,https://imdb-api.com/images/original/MV5BOWZlMjFiYzgtMTUzNC00Y2IzLTk1NTMtZmNhMTczNTk0ODk1XkEyXkFqcGdeQXVyNTAyODkwOQ@@._V1_Ratio0.7273_AL_.jpg
Star Wars: Episode V - The Empire Strikes Back,tt0080684,https://imdb-api.com/images/original/MV5BYmU1NDRjNDgtMzhiMi00NjZmLTg5NGItZDNiZjU5NTU4OTE0XkEyXkFqcGdeQXVyNzkwMjQ5NzM@._V1_Ratio0.7273_AL_.jpg
Rogue One: A Star Wars Story,tt3748528,https://imdb-api.com/images/original/MV5BMjEwMzMxODIzOV5BMl5BanBnXkFtZTgwNzg3OTAzMDI@._V1_Ratio0.7273_AL_.jpg
Solo: A Star Wars Story,tt3778644,https://imdb-api.com/images/original/MV5BOTM2NTI3NTc3Nl5BMl5BanBnXkFtZTgwNzM1OTQyNTM@._V1_Ratio0.7273_AL_.jpg
Star Wars: Episode VII - The Force Awakens,tt2488496,https://imdb-api.com/images/original/MV5BOTAzODEzNDAzMl5BMl5BanBnXkFtZTgwMDU1MTgzNzE@._V1_Ratio0.7273_AL_.jpg
Star Wars: The Clone Wars,tt1185834,https://imdb-api.com/images/original/MV5BMTI1MDIwMTczOV5BMl5BanBnXkFtZTcwNTI4MDE3MQ@@._V1_Ratio0.7273_AL_.jpg
Star Wars: Episode IV - A New Hope,tt0076759,https://imdb-api.com/images/original/MV5BNzVlY2MwMjktM2E4OS00Y2Y3LWE3ZjctYzhkZGM3YzA1ZWM2XkEyXkFqcGdeQXVyNzkwMjQ5NzM@._V1_Ratio0.7273_AL_.jpg
Jupiter Ascending,tt1617661,https://imdb-api.com/images/original/MV5BMTQyNzk2MjA2NF5BMl5BanBnXkFtZTgwMjEwNzk3MjE@._V1_Ratio0.7273_AL_.jpg
Mission to Mars,tt0183523,https://imdb-api.com/images/original/MV5BMzhiNjVhZjUtMWYwMy00M2U5LWE5NWEtNGU4N2E5NTI3MzFlL2ltYWdlL2ltYWdlXkEyXkFqcGdeQXVyMTQxNzMzNDI@._V1_Ratio0.7273_AL_.jpg
Lucy in the Sky,tt4682804,https://imdb-api.com/images/original/MV5BNmEzMDkxYzItMjdiNC00YzA5LWJmYWMtMzc2Mjc1MTdjNDZiXkEyXkFqcGdeQXVyMTkxNjUyNQ@@._V1_Ratio0.7273_AL_.jpg
Solaris,tt0069293,https://imdb-api.com/images/original/MV5BZmY4Yjc0OWQtZDRhMy00ODc2LWI2NGYtMWFlODYyN2VlNDQyXkEyXkFqcGdeQXVyNjU0OTQ0OTY@._V1_Ratio0.7273_AL_.jpg
The Martian,tt3659388,https://imdb-api.com/images/original/MV5BMTc2MTQ3MDA1Nl5BMl5BanBnXkFtZTgwODA3OTI4NjE@._V1_Ratio0.7273_AL_.jpg
The Wandering Earth,tt7605074,https://imdb-api.com/images/original/MV5BMjE2NzZlMGItMzA4OS00ZjRiLTk3NzItMDRkOGFlZmNhYzJkXkEyXkFqcGdeQXVyNzI1NzMxNzM@._V1_Ratio0.7273_AL_.jpg
Gemini Man,tt1025100,https://imdb-api.com/images/original/MV5BZDJlYzMyZTctYzBiMi00Y2E5LTk4YzgtNzU5YzE0MDZkY2EwXkEyXkFqcGdeQXVyMTA3MTA4Mzgw._V1_Ratio0.7273_AL_.jpg
Frankenstein,tt0021884,https://imdb-api.com/images/original/MV5BMTQ0Njc1MjM0OF5BMl5BanBnXkFtZTgwNTY2NTUyMjE@._V1_Ratio0.7273_AL_.jpg
Victor Frankenstein,tt1976009,https://imdb-api.com/images/original/MV5BODA5MDc2NDI5OF5BMl5BanBnXkFtZTgwNDYzMTA2NjE@._V1_Ratio0.7273_AL_.jpg
Frankenstein,tt0021884,https://imdb-api.com/images/original/MV5BMTQ0Njc1MjM0OF5BMl5BanBnXkFtZTgwNTY2NTUyMjE@._V1_Ratio0.7273_AL_.jpg
Mary Shelley's Frankenstein,tt0109836,https://imdb-api.com/images/original/MV5BOWNjMGQ2NTYtNWZlMS00Nzk4LWE5ZDQtNWFhZDk0ZWM3ODc4XkEyXkFqcGdeQXVyMTQxNzMzNDI@._V1_Ratio0.7273_AL_.jpg
Annihilation,tt2798920,https://imdb-api.com/images/original/MV5BMTk2Mjc2NzYxNl5BMl5BanBnXkFtZTgwMTA2OTA1NDM@._V1_Ratio0.7273_AL_.jpg
Cloud Atlas,tt1371111,https://imdb-api.com/images/original/MV5BMTczMTgxMjc4NF5BMl5BanBnXkFtZTcwNjM5MTA2OA@@._V1_Ratio0.7273_AL_.jpg
The City of Lost Children,tt0112682,https://imdb-api.com/images/original/MV5BZGQxZDMwYzYtYmFjNi00NWYyLThjZjAtMDJhODZhYTkyZDNhXkEyXkFqcGdeQXVyNTAyODkwOQ@@._V1_Ratio0.7273_AL_.jpg
Inception,tt1375666,https://imdb-api.com/images/original/MV5BMjAxMzY3NjcxNF5BMl5BanBnXkFtZTcwNTI5OTM0Mw@@._V1_Ratio0.7273_AL_.jpg
District 9,tt1136608,https://imdb-api.com/images/original/MV5BYmQ5MzFjYWMtMTMwNC00ZGU5LWI3YTQtYzhkMGExNGFlY2Q0XkEyXkFqcGdeQXVyNTIzOTk5ODM@._V1_Ratio0.7273_AL_.jpg
Minority Report,tt0181689,https://imdb-api.com/images/original/MV5BZTI3YzZjZjEtMDdjOC00OWVjLTk0YmYtYzI2MGMwZjFiMzBlXkEyXkFqcGdeQXVyMTQxNzMzNDI@._V1_Ratio0.7273_AL_.jpg
"I, Robot",tt0343818,https://imdb-api.com/images/original/MV5BNmE1OWI2ZGItMDUyOS00MmU5LWE0MzUtYTQ0YzA1YTE5MGYxXkEyXkFqcGdeQXVyMDM5ODIyNw@@._V1_Ratio0.7273_AL_.jpg
Empire of the Wolves,tt0402158,https://imdb-api.com/images/original/MV5BOTc2NmYwYzctOWM0Ni00MWRjLWE4OTAtZmI2YjViNWU5ZWIwXkEyXkFqcGdeQXVyNTIzOTk5ODM@._V1_Ratio0.7273_AL_.jpg
The Cell,tt0209958,https://imdb-api.com/images/original/MV5BMDY1NmVmOTItYWU0NC00OGU2LWIyNTctYTU3NTY3ZjJkOWJjXkEyXkFqcGdeQXVyMTQxNzMzNDI@._V1_Ratio0.7273_AL_.jpg
The Thirteenth Floor,tt0139809,https://imdb-api.com/images/original/MV5BODYxZTZlZTgtNTM5MC00N2RhLTg3MjUtNGVkMDJjMGY3YzA5L2ltYWdlL2ltYWdlXkEyXkFqcGdeQXVyMTQxNzMzNDI@._V1_Ratio0.7273_AL_.jpg
Brainstorm,tt0085271,https://imdb-api.com/images/original/MV5BZTg5OTNlOTEtMjFhZC00NWRiLWJlOWQtZTNiNDk3OGIxYmMwXkEyXkFqcGdeQXVyNDk3NzU2MTQ@._V1_Ratio0.7273_AL_.jpg
The Man from Earth,tt0756683,https://imdb-api.com/images/original/MV5BMzQ5NGQwOTUtNWJlZi00ZTFiLWI0ZTEtOGU3MTA2ZGU5OWZiXkEyXkFqcGdeQXVyMTczNjQwOTY@._V1_Ratio0.7273_AL_.jpg
Android Apocalypse,tt0470023,https://imdb-api.com/images/original/MV5BNTEzMzMzNDM4Nl5BMl5BanBnXkFtZTcwNjk5NzQ0MQ@@._V1_Ratio0.7273_AL_.jpg
Metropolis,tt0017136,https://imdb-api.com/images/original/MV5BMTg5YWIyMWUtZDY5My00Zjc1LTljOTctYmI0MWRmY2M2NmRkXkEyXkFqcGdeQXVyMTMxODk2OTU@._V1_Ratio0.7273_AL_.jpg
Real Steel,tt0433035,https://imdb-api.com/images/original/MV5BMjEzMzEzNjg0N15BMl5BanBnXkFtZTcwMzg4NDk0Ng@@._V1_Ratio0.7273_AL_.jpg
S1m0ne,tt0258153,https://imdb-api.com/images/original/MV5BNjZmNjhjMGUtYmNmYi00MGYyLTk0YTItOWM4MmVmMDIwNmU3XkEyXkFqcGdeQXVyNjUwNzk3NDc@._V1_Ratio0.7273_AL_.jpg
"I, Robot",tt0343818,https://imdb-api.com/images/original/MV5BNmE1OWI2ZGItMDUyOS00MmU5LWE0MzUtYTQ0YzA1YTE5MGYxXkEyXkFqcGdeQXVyMDM5ODIyNw@@._V1_Ratio0.7273_AL_.jpg
Big Hero 6,tt2245084,https://imdb-api.com/images/original/MV5BMDliOTIzNmUtOTllOC00NDU3LWFiNjYtMGM0NDc1YTMxNjYxXkEyXkFqcGdeQXVyNTM3NzExMDQ@._V1_Ratio0.7273_AL_.jpg
Astro Boy,tt0375568,https://imdb-api.com/images/original/MV5BMTI5NTEwNTcxMl5BMl5BanBnXkFtZTcwMDEyMTE4Mg@@._V1_Ratio0.7273_AL_.jpg
WALL·E,tt0910970,https://imdb-api.com/images/original/MV5BMjExMTg5OTU0NF5BMl5BanBnXkFtZTcwMjMxMzMzMw@@._V1_Ratio0.7273_AL_.jpg
Pacific Rim,tt1663662,https://imdb-api.com/images/original/MV5BMTY3MTI5NjQ4Nl5BMl5BanBnXkFtZTcwOTU1OTU0OQ@@._V1_Ratio0.7273_AL_.jpg
Her,tt1798709,https://imdb-api.com/images/original/MV5BMjA1Nzk0OTM2OF5BMl5BanBnXkFtZTgwNjU2NjEwMDE@._V1_Ratio0.7273_AL_.jpg
Chappie,tt1823672,https://imdb-api.com/images/original/MV5BMTUyNTI4NTIwNl5BMl5BanBnXkFtZTgwMjQ4MTI0NDE@._V1_Ratio0.7273_AL_.jpg
A.I. Artificial Intelligence,tt0212720,https://imdb-api.com/images/original/MV5BNWU2NzEyMDYtM2MyOS00OGM3LWFkNzAtMzRiNzE2ZjU5ZTljXkEyXkFqcGdeQXVyNjU0OTQ0OTY@._V1_Ratio0.7273_AL_.jpg
Bicentennial Man,tt0182789,https://imdb-api.com/images/original/MV5BYTU4Nzg5YmItNzE0Yy00Y2VmLWI3OTYtNTFjODEzMDE0YTI4XkEyXkFqcGdeQXVyMTQxNzMzNDI@._V1_Ratio0.7273_AL_.jpg
Ex Machina,tt0470752,https://imdb-api.com/images/original/MV5BMTUxNzc0OTIxMV5BMl5BanBnXkFtZTgwNDI3NzU2NDE@._V1_Ratio0.7273_AL_.jpg
Appleseed Ex Machina,tt1043842,https://imdb-api.com/images/original/MV5BMzg0ZDI4NzgtNjM0OC00ZDUyLWEyZTktNzI5MTcyNGRlMDdjXkEyXkFqcGdeQXVyMzM4MjM0Nzg@._V1_Ratio0.7273_AL_.jpg
Appleseed,tt0094668,https://imdb-api.com/images/original/MV5BMmU5M2JiYWMtYWYzNC00NzE3LWExZTktOTBiOTE2MDJhMGVhXkEyXkFqcGdeQXVyNTAyODkwOQ@@._V1_Ratio0.7273_AL_.jpg
The Dark Knight,tt0468569,https://imdb-api.com/images/original/MV5BMTMxNTMwODM0NF5BMl5BanBnXkFtZTcwODAyMTk2Mw@@._V1_Ratio0.7273_AL_.jpg
Surrogates,tt0986263,https://imdb-api.com/images/original/MV5BN2FiZTdjY2YtMzg2YS00ODEyLTg3NWQtZmVhZDg1YzE0OTJjXkEyXkFqcGdeQXVyMjQwMjk0NjI@._V1_Ratio0.7273_AL_.jpg
2036: Nexus Dawn,tt7326248,https://imdb-api.com/images/original/MV5BMGYzMzhmODgtMjFlYy00MzUwLTlhNzctMzkxNTQzYzY0YzFlXkEyXkFqcGdeQXVyNTAyODkwOQ@@._V1_Ratio0.7273_AL_.jpg
Blade Runner: Black Out 2022,tt7428594,https://imdb-api.com/images/original/MV5BZGNiNmNiMTctMDI4OS00OWYxLWE4ZWEtZjFkZjU4ZmY5YzEyXkEyXkFqcGdeQXVyMzgxODM4NjM@._V1_Ratio0.7273_AL_.jpg
Blade Runner 2049,tt1856101,https://imdb-api.com/images/original/MV5BNzA1Njg4NzYxOV5BMl5BanBnXkFtZTgwODk5NjU3MzI@._V1_Ratio0.7273_AL_.jpg
Blade Runner,tt0083658,https://imdb-api.com/images/original/MV5BNzQzMzJhZTEtOWM4NS00MTdhLTg0YjgtMjM4MDRkZjUwZDBlXkEyXkFqcGdeQXVyNjU0OTQ0OTY@._V1_Ratio0.7273_AL_.jpg
Paprika,tt0851578,https://imdb-api.com/images/original/MV5BNDliMTMxOWEtODM3Yi00N2QwLTg4YTAtNTE5YzBlNTA2NjhlXkEyXkFqcGdeQXVyNjE5MjUyOTM@._V1_Ratio0.7273_AL_.jpg
Ghost in the Shell,tt1219827,https://imdb-api.com/images/original/MV5BMzJiNTI3MjItMGJiMy00YzA1LTg2MTItZmE1ZmRhOWQ0NGY1XkEyXkFqcGdeQXVyOTk4MTM0NQ@@._V1_Ratio0.7273_AL_.jpg
Ghost in the Shell,tt1219827,https://imdb-api.com/images/original/MV5BMzJiNTI3MjItMGJiMy00YzA1LTg2MTItZmE1ZmRhOWQ0NGY1XkEyXkFqcGdeQXVyOTk4MTM0NQ@@._V1_Ratio0.7273_AL_.jpg
Transcendence,tt2209764,https://imdb-api.com/images/original/MV5BMTc1MjQ3ODAyOV5BMl5BanBnXkFtZTgwNjI1NDQ0MTE@._V1_Ratio0.7273_AL_.jpg
Chappie,tt1823672,https://imdb-api.com/images/original/MV5BMTUyNTI4NTIwNl5BMl5BanBnXkFtZTgwMjQ4MTI0NDE@._V1_Ratio0.7273_AL_.jpg
eXistenZ,tt0120907,https://imdb-api.com/images/original/MV5BMmU1MTJkYWItMzM5Ny00NDgxLTgxOGEtNTkzNDdkZjkwNGI0XkEyXkFqcGdeQXVyNDk3NzU2MTQ@._V1_Ratio0.7273_AL_.jpg
RoboCop,tt0093870,https://imdb-api.com/images/original/MV5BZWVlYzU2ZjQtZmNkMi00OTc3LTkwZmYtZDVjNmY4OWFmZGJlXkEyXkFqcGdeQXVyMTQxNzMzNDI@._V1_Ratio0.7273_AL_.jpg
Alita: Battle Angel,tt0437086,https://imdb-api.com/images/original/MV5BMTQzYWYwYjctY2JhZS00NTYzLTllM2UtZWY5ZTk0NmYwYzIyXkEyXkFqcGdeQXVyMzgxODM4NjM@._V1_Ratio0.7273_AL_.jpg
Paycheck,tt0338337,https://imdb-api.com/images/original/MV5BMTczMzU5NDk4MV5BMl5BanBnXkFtZTYwNDQxNzc3._V1_Ratio0.7273_AL_.jpg
The Time Machine,tt0268695,https://imdb-api.com/images/original/MV5BMTM4YTViNGMtYTYyOS00MTViLWEyYTgtNGM0OTIwMWRmYzdhL2ltYWdlL2ltYWdlXkEyXkFqcGdeQXVyMTQxNzMzNDI@._V1_Ratio0.7273_AL_.jpg
Edge of Tomorrow,tt1631867,https://imdb-api.com/images/original/MV5BMTc5OTk4MTM3M15BMl5BanBnXkFtZTgwODcxNjg3MDE@._V1_Ratio0.7273_AL_.jpg
The Terminator,tt0088247,https://imdb-api.com/images/original/MV5BYTViNzMxZjEtZGEwNy00MDNiLWIzNGQtZDY2MjQ1OWViZjFmXkEyXkFqcGdeQXVyNzkwMjQ5NzM@._V1_Ratio0.7273_AL_.jpg
Men in Black 3,tt1409024,https://imdb-api.com/images/original/MV5BMTU2NTYxODcwMF5BMl5BanBnXkFtZTcwNDk1NDY0Nw@@._V1_Ratio0.7273_AL_.jpg
Looper,tt1276104,https://imdb-api.com/images/original/MV5BMTg5NTA3NTg4NF5BMl5BanBnXkFtZTcwNTA0NDYzOA@@._V1_Ratio0.7273_AL_.jpg
Deja Vu,tt0453467,https://imdb-api.com/images/original/MV5BMzEwNTAwNjEwMV5BMl5BanBnXkFtZTYwMzgzMjA3._V1_Ratio0.7273_AL_.jpg
The Butterfly Effect,tt0289879,https://imdb-api.com/images/original/MV5BODNiZmY2MWUtMjFhMy00ZmM2LTg2MjYtNWY1OTY5NGU2MjdjL2ltYWdlXkEyXkFqcGdeQXVyNTAyODkwOQ@@._V1_Ratio0.7273_AL_.jpg
X-Men: Days of Future Past,tt1877832,https://imdb-api.com/images/original/MV5BZGIzNWYzN2YtMjcwYS00YjQ3LWI2NjMtOTNiYTUyYjE2MGNkXkEyXkFqcGdeQXVyMTQxNzMzNDI@._V1_Ratio0.7273_AL_.jpg
About Time,tt2194499,https://imdb-api.com/images/original/MV5BMTA1ODUzMDA3NzFeQTJeQWpwZ15BbWU3MDgxMTYxNTk@._V1_Ratio0.7273_AL_.jpg
Ivan Vasilievich: Back to the Future,tt0070233,https://imdb-api.com/images/original/MV5BYWU1NGI4ZWQtYjZiMC00NjU2LWJhNDEtMmY3NzY1ZmNiMGUxL2ltYWdlL2ltYWdlXkEyXkFqcGdeQXVyNjMxMjkwMjI@._V1_Ratio0.7273_AL_.jpg
Sleeper,tt0070707,https://imdb-api.com/images/original/MV5BMTUzMzY1MzI3Nl5BMl5BanBnXkFtZTcwOTM4OTYwNA@@._V1_Ratio0.7273_AL_.jpg
Back to the Future Part III,tt0099088,https://imdb-api.com/images/original/MV5BYjhlMGYxNmMtOWFmMi00Y2M2LWE5NWYtZTdlMDRlMGEzMDA3XkEyXkFqcGdeQXVyMTQxNzMzNDI@._V1_Ratio0.7273_AL_.jpg
The Time Traveler's Wife,tt0452694,https://imdb-api.com/images/original/MV5BZWNlN2RmZDktNzllNC00NDVlLTllMzgtZGQ1YmRmZThmZjZmXkEyXkFqcGdeQXVyNTA4NzY1MzY@._V1_Ratio0.7273_AL_.jpg
Back to the Future Part II,tt0096874,https://imdb-api.com/images/original/MV5BZTMxMGM5MjItNDJhNy00MWI2LWJlZWMtOWFhMjI5ZTQwMWM3XkEyXkFqcGdeQXVyMTQxNzMzNDI@._V1_Ratio0.7273_AL_.jpg
Back to the Future,tt0088763,https://imdb-api.com/images/original/MV5BZmU0M2Y1OGUtZjIxNi00ZjBkLTg1MjgtOWIyNThiZWIwYjRiXkEyXkFqcGdeQXVyMTQxNzMzNDI@._V1_Ratio0.7273_AL_.jpg
The Abyss,tt0096754,https://imdb-api.com/images/original/MV5BYWMzMDNlMDQtMTYyYi00OTM3LTllZDYtYThhMTk5MzNhZTRhXkEyXkFqcGdeQXVyMDUyOTUyNQ@@._V1_Ratio0.7273_AL_.jpg
X-Men: Dark Phoenix,tt6565702,https://imdb-api.com/images/original/MV5BMmZmYTgwZGItNDIxMS00MmRkLWEzODQtYTllNzM0ZWE1NmQ5XkEyXkFqcGdeQXVyODQzNTE3ODc@._V1_Ratio0.7273_AL_.jpg
Aquaman,tt1477834,https://imdb-api.com/images/original/MV5BOTk5ODg0OTU5M15BMl5BanBnXkFtZTgwMDQ3MDY3NjM@._V1_Ratio0.7273_AL_.jpg
Alien: Covenant,tt2316204,https://imdb-api.com/images/original/MV5BYzVkMjRhNzctOGQxMC00OGE2LWJhN2EtNmYyODRiMDNlM2ZmXkEyXkFqcGdeQXVyMTMxODk2OTU@._V1_Ratio0.7273_AL_.jpg
Rampage,tt2231461,https://imdb-api.com/images/original/MV5BNDA1NjA3ODU3OV5BMl5BanBnXkFtZTgwOTg3MTIwNTM@._V1_Ratio0.7273_AL_.jpg
Watchmen,tt0409459,https://imdb-api.com/images/original/MV5BY2IzNGNiODgtOWYzOS00OTI0LTgxZTUtOTA5OTQ5YmI3NGUzXkEyXkFqcGdeQXVyNjU0OTQ0OTY@._V1_Ratio0.7273_AL_.jpg
Inuyashiki,tt6340500,https://imdb-api.com/images/original/MV5BNGE0YjJiZTQtMDMwNC00YmRhLWFlM2ItNTcyZjc5ZWVjMDdkXkEyXkFqcGdeQXVyNDQxNjcxNQ@@._V1_Ratio0.7273_AL_.jpg
Avengers: Endgame,tt4154796,https://imdb-api.com/images/original/MV5BMTc5MDE2ODcwNV5BMl5BanBnXkFtZTgwMzI2NzQ2NzM@._V1_Ratio0.7273_AL_.jpg
Black Panther,tt1825683,https://imdb-api.com/images/original/MV5BMTg1MTY2MjYzNV5BMl5BanBnXkFtZTgwMTc4NTMwNDI@._V1_Ratio0.7273_AL_.jpg
Jurassic World: Fallen Kingdom,tt4881806,https://imdb-api.com/images/original/MV5BNzIxMjYwNDEwN15BMl5BanBnXkFtZTgwMzk5MDI3NTM@._V1_Ratio0.7273_AL_.jpg
Avengers: Infinity War,tt4154756,https://imdb-api.com/images/original/MV5BMjMxNjY2MDU1OV5BMl5BanBnXkFtZTgwNzY1MTUwNTM@._V1_Ratio0.7273_AL_.jpg
Spider-Man: Into the Spider-Verse,tt4633694,https://imdb-api.com/images/original/MV5BMjMwNDkxMTgzOF5BMl5BanBnXkFtZTgwNTkwNTQ3NjM@._V1_Ratio0.7273_AL_.jpg
X-Men: Days of Future Past,tt1877832,https://imdb-api.com/images/original/MV5BZGIzNWYzN2YtMjcwYS00YjQ3LWI2NjMtOTNiYTUyYjE2MGNkXkEyXkFqcGdeQXVyMTQxNzMzNDI@._V1_Ratio0.7273_AL_.jpg
Captain America: The Winter Soldier,tt1843866,https://imdb-api.com/images/original/MV5BMzA2NDkwODAwM15BMl5BanBnXkFtZTgwODk5MTgzMTE@._V1_Ratio0.7273_AL_.jpg
Captain America: Civil War,tt3498820,https://imdb-api.com/images/original/MV5BMjQ0MTgyNjAxMV5BMl5BanBnXkFtZTgwNjUzMDkyODE@._V1_Ratio0.7273_AL_.jpg
Spider-Man: Homecoming,tt2250912,https://imdb-api.com/images/original/MV5BNTk4ODQ1MzgzNl5BMl5BanBnXkFtZTgwMTMyMzM4MTI@._V1_Ratio0.7273_AL_.jpg
Logan,tt3315342,https://imdb-api.com/images/original/MV5BYzc5MTU4N2EtYTkyMi00NjdhLTg3NWEtMTY4OTEyMzJhZTAzXkEyXkFqcGdeQXVyNjc1NTYyMjg@._V1_Ratio0.7273_AL_.jpg
Avengers: Age of Ultron,tt2395427,https://imdb-api.com/images/original/MV5BMTM4OGJmNWMtOTM4Ni00NTE3LTg3MDItZmQxYjc4N2JhNmUxXkEyXkFqcGdeQXVyNTgzMDMzMTg@._V1_Ratio0.7273_AL_.jpg
X-Men: Apocalypse,tt3385516,https://imdb-api.com/images/original/MV5BMjU1ODM1MzYxN15BMl5BanBnXkFtZTgwOTA4NDE2ODE@._V1_Ratio0.7273_AL_.jpg
Doctor Strange,tt1211837,https://imdb-api.com/images/original/MV5BNjgwNzAzNjk1Nl5BMl5BanBnXkFtZTgwMzQ2NjI1OTE@._V1_Ratio0.7273_AL_.jpg
Wonder Woman,tt0451279,https://imdb-api.com/images/original/MV5BMTYzODQzYjQtNTczNC00MzZhLTg1ZWYtZDUxYmQ3ZTY4NzA1XkEyXkFqcGdeQXVyODE5NzE3OTE@._V1_Ratio0.7273_AL_.jpg
Superman: Unbound,tt2617456,https://imdb-api.com/images/original/MV5BMTkzMjczODQzMV5BMl5BanBnXkFtZTcwOTIyOTQ0OQ@@._V1_Ratio0.7273_AL_.jpg
Superman III,tt0086393,https://imdb-api.com/images/original/MV5BMzI3ZDllMTctNmI2Mi00OGQ4LTk2ZTQtYTJhMjA5ZGI2YmRkXkEyXkFqcGdeQXVyNjUwNzk3NDc@._V1_Ratio0.7273_AL_.jpg
Superman II,tt0081573,https://imdb-api.com/images/original/MV5BODk2NjgzNTEtYzZhZC00ZTBkLTllMGQtMmMxMzU1NDRkM2RlXkEyXkFqcGdeQXVyNjc1NTYyMjg@._V1_Ratio0.7273_AL_.jpg
Superman,tt0078346,https://imdb-api.com/images/original/MV5BMzA0YWMwMTUtMTVhNC00NjRkLWE2ZTgtOWEzNjJhYzNiMTlkXkEyXkFqcGdeQXVyNjc1NTYyMjg@._V1_Ratio0.7273_AL_.jpg
Dark City,tt0118929,https://imdb-api.com/images/original/MV5BMGExOGExM2UtNWM5ZS00OWEzLTllNzYtM2NlMTJlYjBlZTJkXkEyXkFqcGdeQXVyMTQxNzMzNDI@._V1_Ratio0.7273_AL_.jpg
Jumanji: Welcome to the Jungle,tt2283362,https://imdb-api.com/images/original/MV5BODQ0NDhjYWItYTMxZi00NTk2LWIzNDEtOWZiYWYxZjc2MTgxXkEyXkFqcGdeQXVyMTQxNzMzNDI@._V1_Ratio0.7273_AL_.jpg
Pacific Rim: Uprising,tt2557478,https://imdb-api.com/images/original/MV5BMjI3Nzg0MTM5NF5BMl5BanBnXkFtZTgwOTE2MTgwNTM@._V1_Ratio0.7273_AL_.jpg
Replicas,tt4154916,https://imdb-api.com/images/original/MV5BZGQxYTZlYzQtNjk3NS00MjVhLTkxZTYtMDk2ODlkMGJkYzBhXkEyXkFqcGdeQXVyMTk5MzE1MTY@._V1_Ratio0.7273_AL_.jpg
Bird Box,tt2737304,https://imdb-api.com/images/original/MV5BMjAzMTI1MjMyN15BMl5BanBnXkFtZTgwNzU5MTE2NjM@._V1_Ratio0.7273_AL_.jpg
Mortal Engines,tt1571234,https://imdb-api.com/images/original/MV5BNzY1MDA2OTQ0N15BMl5BanBnXkFtZTgwMTkzNjU2NTM@._V1_Ratio0.7273_AL_.jpg
Annihilation,tt2798920,https://imdb-api.com/images/original/MV5BMTk2Mjc2NzYxNl5BMl5BanBnXkFtZTgwMTA2OTA1NDM@._V1_Ratio0.7273_AL_.jpg
Ready Player One,tt1677720,https://imdb-api.com/images/original/MV5BY2JiYTNmZTctYTQ1OC00YjU4LWEwMjYtZjkwY2Y5MDI0OTU3XkEyXkFqcGdeQXVyNTI4MzE4MDU@._V1_Ratio0.7273_AL_.jpg
Nausicaä of the Valley of the Wind,tt0087544,https://imdb-api.com/images/original/MV5BZTI3NmJmYTQtNDg4NS00M2VlLTgzZDAtZWIwZDcyOWY5YzIzXkEyXkFqcGdeQXVyMTMxODk2OTU@._V1_Ratio0.7273_AL_.jpg
